,school,sex,age,address,famsize,mothers-education,fathers-education,mothers-job,fathers-job,living-distance-from-school,studytime,failures,schoolsup,famsup,paid,activities,nursery,higher,internet,romantic,famrel,freetime,goout,weekday-alcohol-consumption,weekend-alcohol-consumption,health,absences,G1,G2,G3,parents-live-together
0,GP,F,18.0,urban,>3,4.0,4.0,at_home,teacher,2.0,2.0,,yes,no,no,no,yes,yes,no,no,4.0,3.0,4.0,1.0,1.0,3.0,6.0,5.0,6.0,6.0,False
1,GP,F,17.0,urban,>3,,1.0,at_home,other,1.0,2.0,0.0,no,yes,no,no,no,yes,yes,no,5.0,3.0,3.0,1.0,1.0,3.0,4.0,5.0,5.0,6.0,True
2,GP,F,15.0,urban,<=3,1.0,1.0,at_home,other,1.0,,3.0,yes,no,yes,no,yes,yes,yes,no,4.0,3.0,2.0,2.0,3.0,3.0,10.0,7.0,8.0,10.0,True
3,GP,F,15.0,urban,>3,4.0,2.0,health,services,1.0,3.0,0.0,no,yes,yes,yes,yes,yes,yes,yes,3.0,2.0,2.0,1.0,1.0,5.0,2.0,15.0,14.0,15.0,True
4,GP,F,16.0,urban,>3,3.0,3.0,other,other,1.0,2.0,0.0,no,yes,yes,no,yes,,no,,4.0,3.0,2.0,1.0,2.0,5.0,4.0,6.0,10.0,,
5,GP,M,16.0,urban,<=3,4.0,3.0,services,other,1.0,2.0,0.0,no,yes,yes,yes,yes,yes,yes,no,5.0,,2.0,1.0,2.0,5.0,10.0,15.0,15.0,15.0,True
6,GP,,16.0,,<=3,2.0,2.0,other,other,1.0,2.0,0.0,no,no,no,no,yes,yes,yes,no,4.0,4.0,4.0,1.0,1.0,3.0,0.0,,12.0,11.0,True
7,GP,F,17.0,urban,>3,4.0,4.0,other,teacher,2.0,2.0,0.0,yes,yes,no,no,yes,yes,no,no,4.0,1.0,4.0,1.0,,1.0,6.0,6.0,,6.0,False
8,GP,M,15.0,,<=3,3.0,2.0,services,other,1.0,2.0,0.0,no,yes,yes,no,yes,yes,yes,no,4.0,2.0,2.0,1.0,1.0,1.0,0.0,16.0,18.0,19.0,False
9,GP,M,15.0,urban,>3,3.0,4.0,other,other,1.0,2.0,,no,yes,yes,yes,yes,yes,yes,no,5.0,5.0,1.0,1.0,1.0,5.0,0.0,14.0,15.0,15.0,True
10,GP,F,15.0,urban,>3,4.0,4.0,teacher,health,1.0,2.0,0.0,no,yes,yes,no,yes,yes,yes,no,3.0,3.0,3.0,1.0,2.0,2.0,0.0,10.0,8.0,9.0,True
11,GP,F,15.0,urban,>3,2.0,1.0,services,other,3.0,,0.0,no,yes,no,yes,yes,yes,yes,,5.0,2.0,2.0,1.0,1.0,4.0,4.0,10.0,12.0,12.0,True
12,GP,M,15.0,urban,<=3,4.0,,health,services,1.0,1.0,0.0,no,yes,yes,yes,yes,yes,yes,no,4.0,3.0,3.0,1.0,3.0,5.0,2.0,14.0,14.0,14.0,True
13,GP,M,15.0,urban,>3,4.0,3.0,teacher,other,2.0,2.0,0.0,no,yes,yes,no,yes,yes,yes,no,5.0,,3.0,1.0,,3.0,2.0,10.0,10.0,11.0,True
14,GP,M,15.0,urban,>3,2.0,2.0,other,other,1.0,3.0,0.0,no,yes,no,no,yes,yes,yes,yes,4.0,5.0,2.0,1.0,1.0,3.0,0.0,14.0,16.0,16.0,
15,GP,F,16.0,urban,>3,4.0,4.0,health,other,1.0,1.0,0.0,no,yes,no,no,yes,yes,yes,no,4.0,4.0,4.0,1.0,2.0,2.0,4.0,14.0,14.0,14.0,True
16,GP,F,16.0,urban,>3,4.0,4.0,services,services,1.0,3.0,0.0,no,yes,yes,yes,yes,yes,yes,no,3.0,2.0,3.0,1.0,2.0,2.0,6.0,13.0,14.0,14.0,True
17,GP,F,16.0,urban,>3,3.0,3.0,other,other,3.0,2.0,0.0,yes,yes,no,yes,yes,yes,no,no,,3.0,2.0,1.0,1.0,4.0,4.0,8.0,10.0,10.0,True
18,GP,M,,urban,>3,3.0,2.0,services,services,1.0,1.0,3.0,Missing,yes,no,yes,yes,yes,yes,no,5.0,5.0,5.0,2.0,4.0,5.0,16.0,6.0,5.0,5.0,True
19,GP,M,16.0,urban,<=3,4.0,3.0,health,other,1.0,1.0,0.0,no,no,yes,yes,yes,yes,yes,no,3.0,1.0,3.0,1.0,3.0,5.0,4.0,8.0,10.0,,
20,GP,M,15.0,urban,>3,4.0,,teacher,other,1.0,2.0,0.0,no,no,no,no,yes,yes,yes,no,4.0,4.0,1.0,1.0,1.0,1.0,0.0,13.0,14.0,15.0,True
21,GP,M,15.0,urban,>3,4.0,4.0,,health,1.0,1.0,0.0,no,,yes,no,yes,yes,yes,,5.0,4.0,2.0,,1.0,5.0,0.0,12.0,15.0,15.0,True
22,GP,M,16.0,urban,<=3,4.0,,teacher,other,1.0,2.0,0.0,no,no,no,yes,yes,yes,yes,no,4.0,5.0,1.0,1.0,3.0,5.0,2.0,15.0,15.0,16.0,True
23,GP,M,16.0,urban,<=3,2.0,2.0,other,other,2.0,2.0,0.0,no,yes,no,yes,yes,yes,yes,no,5.0,4.0,4.0,2.0,4.0,5.0,0.0,13.0,13.0,12.0,True
24,GP,F,15.0,rural,>3,2.0,4.0,services,health,,3.0,0.0,yes,yes,yes,yes,yes,yes,yes,no,4.0,3.0,,1.0,1.0,5.0,2.0,10.0,9.0,8.0,True
25,GP,F,16.0,urban,>3,2.0,2.0,services,services,1.0,1.0,2.0,no,yes,yes,no,no,,yes,no,1.0,2.0,2.0,1.0,3.0,5.0,14.0,6.0,9.0,8.0,
26,GP,M,15.0,urban,>3,2.0,2.0,other,other,1.0,1.0,0.0,no,yes,yes,no,yes,yes,yes,no,4.0,2.0,2.0,1.0,2.0,5.0,2.0,12.0,12.0,11.0,True
27,GP,M,15.0,urban,>3,4.0,2.0,health,services,1.0,1.0,0.0,no,no,yes,no,yes,yes,yes,Missing,2.0,,4.0,2.0,4.0,1.0,4.0,15.0,16.0,15.0,True
28,GP,M,16.0,urban,<=3,3.0,4.0,services,other,1.0,2.0,0.0,yes,,no,yes,yes,yes,yes,Missing,5.0,3.0,3.0,1.0,1.0,5.0,4.0,11.0,11.0,11.0,False
29,GP,,16.0,urban,>3,4.0,4.0,teacher,teacher,1.0,2.0,,no,yes,yes,yes,yes,yes,yes,yes,4.0,4.0,5.0,5.0,5.0,5.0,16.0,,12.0,11.0,True
30,GP,M,15.0,urban,>3,4.0,4.0,health,services,1.0,2.0,0.0,no,yes,yes,no,no,yes,yes,no,5.0,4.0,,3.0,,5.0,0.0,9.0,11.0,12.0,True
31,GP,M,15.0,urban,>3,4.0,4.0,services,services,2.0,2.0,0.0,no,yes,no,yes,yes,yes,yes,no,4.0,3.0,1.0,1.0,1.0,5.0,0.0,17.0,,17.0,True
32,GP,M,15.0,,>3,4.0,3.0,teacher,at_home,1.0,2.0,0.0,no,yes,no,yes,yes,yes,yes,yes,4.0,5.0,2.0,1.0,1.0,5.0,0.0,17.0,16.0,16.0,True
33,GP,M,15.0,urban,<=3,3.0,3.0,other,other,,2.0,0.0,no,no,no,yes,no,yes,yes,-,5.0,3.0,2.0,1.0,1.0,2.0,0.0,8.0,10.0,12.0,True
34,GP,M,16.0,urban,>3,3.0,2.0,other,other,1.0,1.0,0.0,no,yes,yes,no,no,,yes,no,5.0,4.0,3.0,1.0,1.0,5.0,0.0,12.0,14.0,15.0,True
35,GP,F,15.0,urban,>3,2.0,3.0,other,other,2.0,1.0,0.0,no,yes,no,Missing,yes,yes,no,no,3.0,5.0,1.0,1.0,1.0,5.0,0.0,8.0,7.0,6.0,True
36,GP,M,15.0,urban,<=3,4.0,3.0,teacher,,1.0,3.0,0.0,no,yes,no,yes,yes,yes,yes,no,5.0,4.0,3.0,1.0,1.0,4.0,2.0,15.0,16.0,18.0,
37,GP,M,16.0,rural,>3,4.0,4.0,,teacher,2.0,3.0,0.0,no,yes,no,yes,yes,yes,yes,yes,2.0,4.0,3.0,1.0,1.0,5.0,7.0,15.0,16.0,15.0,False
38,,F,15.0,rural,>3,3.0,,services,health,1.0,3.0,0.0,yes,yes,yes,yes,yes,yes,yes,no,4.0,3.0,2.0,1.0,1.0,5.0,2.0,12.0,12.0,11.0,True
39,GP,F,15.0,rural,>3,2.0,,-,other,1.0,1.0,0.0,yes,yes,yes,yes,yes,yes,no,no,4.0,3.0,1.0,1.0,1.0,2.0,8.0,14.0,13.0,13.0,True
40,GP,F,16.0,urban,<=3,2.0,2.0,other,other,,2.0,1.0,no,,no,yes,no,yes,yes,yes,3.0,3.0,,1.0,2.0,,25.0,7.0,10.0,11.0,True
41,GP,M,15.0,urban,<=3,4.0,4.0,teacher,other,1.0,1.0,0.0,no,yes,no,no,no,yes,yes,yes,5.0,4.0,3.0,2.0,4.0,5.0,8.0,12.0,12.0,12.0,True
42,GP,M,15.0,urban,>3,4.0,4.0,services,teacher,1.0,2.0,0.0,no,yes,no,yes,yes,yes,,no,4.0,3.0,3.0,1.0,1.0,,2.0,19.0,18.0,18.0,True
43,GP,M,15.0,,>3,2.0,2.0,services,,1.0,1.0,0.0,yes,yes,no,no,yes,yes,yes,no,5.0,4.0,1.0,1.0,1.0,1.0,0.0,8.0,8.0,11.0,True
44,GP,F,16.0,urban,<=3,2.0,2.0,other,at_home,2.0,2.0,1.0,yes,no,no,yes,yes,yes,yes,no,4.0,3.0,3.0,2.0,2.0,5.0,14.0,10.0,10.0,9.0,True
45,GP,F,15.0,urban,<=3,4.0,3.0,other,other,1.0,2.0,0.0,yes,yes,yes,yes,yes,yes,yes,yes,5.0,2.0,2.0,1.0,1.0,5.0,8.0,8.0,8.0,6.0,False
46,GP,F,16.0,urban,<=3,,3.0,other,services,1.0,2.0,0.0,no,yes,no,no,yes,yes,yes,no,2.0,3.0,5.0,1.0,4.0,3.0,12.0,11.0,12.0,11.0,False
47,GP,M,16.0,urban,>3,4.0,3.0,health,services,1.0,4.0,0.0,no,no,no,yes,yes,yes,yes,no,4.0,2.0,2.0,1.0,1.0,2.0,4.0,19.0,19.0,20.0,True
48,GP,M,15.0,urban,>3,4.0,,teacher,other,1.0,2.0,0.0,no,yes,,no,yes,yes,no,no,4.0,3.0,3.0,2.0,2.0,5.0,2.0,15.0,15.0,14.0,True
49,GP,F,15.0,urban,>3,,4.0,services,teacher,1.0,2.0,1.0,yes,yes,,yes,no,yes,yes,no,4.0,4.0,4.0,1.0,,,2.0,7.0,7.0,7.0,True
50,GP,F,16.0,urban,<=3,2.0,2.0,services,services,3.0,2.0,,no,yes,,no,yes,yes,yes,no,4.0,3.0,3.0,2.0,3.0,4.0,2.0,,13.0,13.0,True
51,,F,15.0,urban,<=3,4.0,2.0,health,other,1.0,2.0,0.0,no,yes,yes,no,,yes,,no,4.0,3.0,3.0,1.0,1.0,5.0,2.0,11.0,,13.0,True
52,GP,M,15.0,urban,<=3,4.0,2.0,health,health,2.0,1.0,1.0,no,no,no,no,yes,yes,no,no,5.0,,5.0,3.0,4.0,5.0,6.0,11.0,11.0,10.0,False
53,GP,F,15.0,urban,>3,4.0,4.0,services,services,1.0,1.0,,yes,yes,yes,no,yes,yes,yes,no,3.0,3.0,4.0,2.0,,5.0,0.0,8.0,10.0,11.0,True
54,GP,F,15.0,urban,<=3,3.0,3.0,other,other,1.0,1.0,0.0,,no,yes,no,yes,yes,yes,no,,3.0,4.0,4.0,4.0,1.0,6.0,10.0,13.0,13.0,False
55,GP,F,16.0,urban,>3,2.0,1.0,other,other,1.0,2.0,0.0,no,no,yes,yes,yes,yes,yes,yes,5.0,3.0,4.0,1.0,1.0,2.0,,8.0,9.0,10.0,False
56,GP,F,15.0,urban,>3,4.0,3.0,services,services,1.0,2.0,0.0,,yes,yes,yes,yes,yes,yes,no,4.0,3.0,2.0,1.0,1.0,1.0,0.0,14.0,15.0,15.0,False
57,GP,M,15.0,urban,>3,4.0,4.0,teacher,health,1.0,2.0,0.0,no,yes,no,yes,yes,yes,,no,3.0,2.0,2.0,1.0,1.0,5.0,4.0,14.0,15.0,15.0,True
58,GP,M,15.0,,<=3,1.0,2.0,other,at_home,1.0,2.0,0.0,yes,yes,no,yes,yes,,yes,,4.0,3.0,2.0,1.0,1.0,5.0,2.0,,10.0,9.0,True
59,GP,F,16.0,urban,>3,4.0,2.0,services,other,1.0,2.0,0.0,no,,no,no,yes,yes,yes,no,4.0,2.0,3.0,1.0,,5.0,2.0,15.0,16.0,16.0,True
60,GP,F,16.0,rural,>3,4.0,4.0,health,teacher,,2.0,0.0,no,yes,no,yes,yes,yes,no,no,2.0,4.0,4.0,2.0,3.0,4.0,6.0,10.0,11.0,11.0,True
61,GP,F,16.0,urban,>3,1.0,1.0,services,services,,1.0,0.0,yes,yes,no,yes,no,yes,yes,yes,5.0,5.0,5.0,5.0,5.0,5.0,6.0,10.0,8.0,11.0,True
62,GP,F,16.0,urban,<=3,1.0,2.0,other,services,1.0,2.0,0.0,yes,no,no,yes,yes,yes,yes,no,4.0,,3.0,,1.0,1.0,4.0,,10.0,9.0,True
63,GP,F,16.0,urban,>3,4.0,3.0,teacher,health,1.0,3.0,0.0,yes,yes,yes,,yes,yes,yes,,3.0,4.0,4.0,,4.0,4.0,2.0,10.0,9.0,9.0,True
64,GP,F,15.0,,<=3,4.0,3.0,services,-,1.0,2.0,0.0,yes,no,no,yes,yes,yes,yes,yes,4.0,4.0,4.0,,4.0,2.0,0.0,10.0,10.0,10.0,True
65,GP,F,16.0,urban,<=3,4.0,3.0,teacher,services,3.0,2.0,0.0,no,yes,no,yes,yes,yes,yes,no,5.0,4.0,3.0,1.0,2.0,1.0,2.0,,15.0,15.0,True
66,GP,M,15.0,urban,>3,4.0,4.0,other,services,1.0,4.0,,no,yes,no,yes,no,yes,yes,yes,1.0,3.0,3.0,5.0,5.0,3.0,4.0,13.0,13.0,12.0,False
67,GP,F,16.0,urban,>3,3.0,1.0,services,other,1.0,4.0,0.0,yes,yes,yes,,yes,yes,yes,no,4.0,3.0,3.0,1.0,2.0,5.0,4.0,7.0,7.0,6.0,True
68,GP,F,15.0,rural,<=3,2.0,2.0,health,services,2.0,,0.0,,yes,yes,no,yes,yes,yes,no,4.0,1.0,3.0,1.0,3.0,,2.0,8.0,9.0,8.0,True
69,GP,F,15.0,rural,<=3,3.0,,other,other,2.0,4.0,0.0,no,yes,no,no,no,yes,yes,,4.0,4.0,2.0,2.0,3.0,3.0,12.0,16.0,16.0,16.0,True
70,GP,M,16.0,urban,>3,3.0,1.0,other,other,2.0,4.0,0.0,no,yes,yes,,yes,yes,yes,no,4.0,,2.0,1.0,1.0,5.0,0.0,13.0,15.0,15.0,True
71,GP,M,15.0,urban,>3,4.0,2.0,other,other,1.0,4.0,0.0,no,no,no,no,yes,yes,yes,no,3.0,3.0,3.0,1.0,,3.0,0.0,10.0,10.0,10.0,True
72,GP,F,15.0,rural,>3,1.0,1.0,,other,1.0,2.0,2.0,yes,yes,no,no,no,yes,yes,yes,3.0,3.0,4.0,2.0,,5.0,2.0,8.0,6.0,5.0,True
73,GP,M,16.0,urban,>3,3.0,1.0,other,other,1.0,,0.0,no,no,no,yes,yes,yes,no,no,5.0,3.0,2.0,,2.0,5.0,2.0,12.0,12.0,14.0,True
74,GP,F,16.0,urban,>3,3.0,3.0,other,services,1.0,2.0,0.0,yes,yes,yes,yes,yes,yes,yes,no,4.0,3.0,3.0,2.0,4.0,5.0,54.0,11.0,12.0,11.0,True
75,GP,M,15.0,urban,,4.0,3.0,teacher,other,1.0,2.0,0.0,no,yes,yes,yes,yes,yes,yes,no,4.0,3.0,3.0,2.0,3.0,5.0,6.0,9.0,,10.0,True
76,GP,M,15.0,urban,>3,4.0,0.0,teacher,other,2.0,4.0,0.0,no,no,no,yes,yes,yes,yes,no,3.0,4.0,3.0,1.0,1.0,1.0,8.0,11.0,11.0,10.0,True
77,GP,F,16.0,urban,>3,2.0,2.0,other,other,1.0,4.0,0.0,no,no,yes,no,yes,yes,yes,yes,5.0,2.0,3.0,1.0,3.0,3.0,0.0,11.0,11.0,11.0,True
78,GP,M,17.0,urban,>3,2.0,1.0,other,other,2.0,1.0,3.0,yes,yes,no,yes,yes,no,yes,no,4.0,5.0,1.0,1.0,1.0,3.0,2.0,8.0,8.0,10.0,True
79,GP,F,16.0,urban,>3,3.0,4.0,at_home,other,1.0,2.0,0.0,no,yes,no,no,yes,yes,yes,no,2.0,4.0,3.0,1.0,2.0,3.0,12.0,5.0,5.0,5.0,True
80,,M,15.0,urban,>3,2.0,3.0,other,services,1.0,1.0,0.0,yes,Missing,yes,yes,no,yes,yes,yes,3.0,,2.0,1.0,3.0,3.0,2.0,10.0,12.0,12.0,True
81,GP,M,15.0,urban,>3,2.0,3.0,other,other,1.0,3.0,0.0,yes,no,yes,no,no,yes,yes,no,5.0,3.0,2.0,1.0,2.0,5.0,4.0,11.0,10.0,11.0,True
82,GP,F,15.0,urban,<=3,,2.0,services,other,1.0,2.0,,no,yes,yes,no,yes,yes,yes,no,4.0,4.0,4.0,1.0,1.0,5.0,10.0,7.0,6.0,6.0,True
83,GP,M,15.0,urban,<=3,2.0,2.0,,services,2.0,2.0,0.0,no,no,yes,yes,yes,yes,yes,no,5.0,3.0,3.0,1.0,3.0,4.0,4.0,15.0,15.0,15.0,True
84,GP,F,15.0,urban,,1.0,,other,other,1.0,2.0,0.0,no,yes,no,yes,no,yes,yes,no,4.0,3.0,2.0,2.0,3.0,4.0,2.0,9.0,10.0,10.0,True
85,GP,F,15.0,urban,,4.0,4.0,services,services,2.0,2.0,2.0,no,no,yes,no,yes,yes,yes,,4.0,4.0,4.0,2.0,3.0,5.0,,7.0,9.0,8.0,True
86,GP,F,16.0,urban,,2.0,2.0,at_home,other,1.0,2.0,0.0,no,yes,no,no,yes,yes,no,,4.0,3.0,4.0,1.0,2.0,2.0,4.0,8.0,7.0,6.0,True
87,GP,F,15.0,urban,>3,4.0,2.0,other,other,1.0,3.0,0.0,no,yes,no,yes,yes,yes,yes,no,5.0,3.0,3.0,1.0,3.0,1.0,4.0,13.0,14.0,14.0,True
88,GP,M,16.0,urban,>3,2.0,2.0,services,other,2.0,2.0,1.0,no,no,yes,yes,no,yes,yes,no,4.0,4.0,2.0,1.0,1.0,3.0,,11.0,10.0,10.0,True
89,GP,M,16.0,urban,,4.0,4.0,teacher,health,1.0,2.0,,no,yes,no,no,yes,yes,no,no,4.0,1.0,3.0,3.0,5.0,5.0,18.0,8.0,6.0,7.0,False
90,GP,F,16.0,urban,>3,3.0,3.0,other,other,1.0,3.0,,no,yes,yes,no,yes,yes,yes,yes,4.0,3.0,3.0,1.0,3.0,4.0,0.0,7.0,7.0,8.0,True
91,GP,F,15.0,urban,,,3.0,services,other,,1.0,0.0,no,no,yes,yes,yes,yes,yes,no,4.0,,5.0,1.0,3.0,1.0,4.0,16.0,,18.0,True
92,GP,F,16.0,urban,<=3,3.0,1.0,other,other,1.0,2.0,0.0,yes,yes,no,no,yes,yes,,,3.0,3.0,3.0,2.0,3.0,2.0,4.0,7.0,6.0,6.0,True
93,GP,F,16.0,urban,>3,4.0,2.0,teacher,services,2.0,2.0,0.0,no,yes,yes,yes,yes,yes,yes,no,5.0,3.0,3.0,1.0,1.0,1.0,,11.0,10.0,10.0,True
94,GP,,15.0,urban,<=3,2.0,2.0,services,health,1.0,4.0,0.0,no,yes,no,yes,yes,yes,yes,no,4.0,3.0,4.0,1.0,1.0,4.0,6.0,11.0,13.0,,True
95,GP,F,15.0,rural,>3,1.0,1.0,at_home,other,2.0,4.0,1.0,yes,yes,yes,,yes,yes,-,no,3.0,1.0,,,1.0,1.0,2.0,7.0,10.0,10.0,True
96,GP,M,16.0,rural,>3,4.0,3.0,services,other,2.0,1.0,0.0,yes,,,yes,no,yes,yes,no,3.0,3.0,3.0,1.0,1.0,,2.0,11.0,15.0,15.0,True
97,GP,F,16.0,urban,>3,2.0,1.0,other,other,1.0,2.0,0.0,no,yes,yes,no,,yes,no,yes,4.0,3.0,5.0,1.0,1.0,5.0,2.0,8.0,9.0,10.0,True
98,,F,16.0,urban,>3,4.0,4.0,other,other,1.0,,0.0,no,no,,yes,no,yes,yes,no,,3.0,4.0,1.0,,1.0,6.0,11.0,14.0,14.0,True
99,GP,F,16.0,urban,>3,4.0,3.0,other,at_home,1.0,3.0,0.0,yes,yes,yes,no,yes,yes,yes,no,5.0,,5.0,1.0,1.0,3.0,0.0,7.0,9.0,8.0,
100,GP,M,16.0,urban,>3,4.0,4.0,services,Missing,1.0,1.0,0.0,yes,yes,yes,yes,yes,yes,yes,no,4.0,5.0,5.0,5.0,5.0,4.0,14.0,7.0,7.0,5.0,True
101,GP,M,16.0,urban,>3,4.0,4.0,services,teacher,1.0,3.0,0.0,,yes,no,yes,yes,yes,yes,yes,4.0,4.0,3.0,1.0,1.0,4.0,0.0,16.0,17.0,17.0,True
102,GP,,15.0,urban,,4.0,4.0,services,other,1.0,1.0,0.0,no,yes,-,yes,no,yes,yes,no,5.0,3.0,3.0,1.0,1.0,5.0,4.0,10.0,13.0,14.0,True
103,GP,,15.0,urban,>3,3.0,2.0,services,other,2.0,2.0,0.0,yes,yes,yes,no,yes,yes,,no,4.0,3.0,5.0,1.0,1.0,2.0,26.0,7.0,6.0,6.0,True
104,GP,M,15.0,urban,>3,3.0,4.0,services,other,1.0,2.0,0.0,no,yes,yes,yes,yes,yes,yes,no,5.0,4.0,4.0,1.0,1.0,1.0,0.0,16.0,18.0,18.0,False
105,GP,F,15.0,urban,>3,3.0,3.0,other,health,1.0,4.0,0.0,yes,no,,no,yes,yes,no,Missing,4.0,3.0,3.0,1.0,1.0,4.0,10.0,10.0,11.0,11.0,False
106,GP,F,15.0,urban,>3,2.0,2.0,other,other,1.0,4.0,0.0,yes,yes,yes,no,yes,yes,yes,no,5.0,1.0,2.0,1.0,1.0,3.0,8.0,7.0,8.0,8.0,True
107,GP,M,16.0,urban,>3,3.0,3.0,services,other,1.0,3.0,,no,yes,no,yes,yes,yes,yes,no,5.0,3.0,3.0,1.0,1.0,5.0,2.0,16.0,18.0,18.0,True
108,GP,M,15.0,rural,>3,4.0,4.0,other,other,,4.0,0.0,no,yes,yes,yes,yes,yes,yes,yes,1.0,3.0,5.0,3.0,5.0,1.0,6.0,10.0,13.0,13.0,True
109,GP,F,16.0,urban,<=3,4.0,4.0,health,health,,3.0,0.0,no,yes,yes,yes,yes,yes,yes,yes,5.0,4.0,5.0,,1.0,4.0,4.0,14.0,15.0,16.0,True
110,GP,M,15.0,urban,<=3,4.0,4.0,teacher,teacher,1.0,1.0,0.0,,no,no,,yes,yes,yes,no,5.0,5.0,3.0,1.0,1.0,4.0,6.0,18.0,19.0,19.0,False
111,GP,F,16.0,rural,>3,,3.0,services,other,1.0,3.0,1.0,yes,yes,no,yes,yes,yes,yes,no,4.0,1.0,2.0,1.0,1.0,2.0,0.0,7.0,10.0,10.0,True
112,GP,F,16.0,urban,>3,2.0,2.0,at_home,other,1.0,2.0,1.0,yes,no,no,yes,yes,yes,yes,no,3.0,1.0,2.0,1.0,1.0,5.0,6.0,10.0,13.0,13.0,True
113,GP,M,15.0,urban,<=3,4.0,2.0,teacher,other,1.0,1.0,0.0,no,no,no,no,yes,yes,yes,no,3.0,5.0,2.0,1.0,1.0,3.0,10.0,18.0,19.0,19.0,True
114,GP,M,15.0,rural,>3,2.0,1.0,health,services,1.0,2.0,0.0,no,no,no,yes,yes,yes,yes,yes,5.0,,2.0,1.0,1.0,5.0,8.0,9.0,9.0,9.0,True
115,GP,M,16.0,urban,>3,4.0,4.0,teacher,teacher,1.0,2.0,0.0,no,yes,no,yes,yes,yes,yes,no,5.0,4.0,4.0,1.0,2.0,5.0,2.0,15.0,15.0,16.0,True
116,GP,M,15.0,urban,,4.0,4.0,other,teacher,2.0,,0.0,no,yes,no,yes,yes,yes,no,,4.0,4.0,3.0,1.0,1.0,2.0,2.0,11.0,13.0,14.0,True
117,GP,M,16.0,urban,>3,3.0,3.0,other,services,2.0,1.0,0.0,no,no,no,yes,yes,yes,yes,no,5.0,4.0,2.0,1.0,1.0,5.0,0.0,13.0,14.0,13.0,True
118,,M,17.0,rural,>3,1.0,3.0,other,other,3.0,2.0,1.0,no,yes,no,yes,,,,no,5.0,2.0,4.0,1.0,4.0,5.0,20.0,9.0,7.0,8.0,True
119,GP,M,15.0,urban,>3,3.0,4.0,other,other,1.0,1.0,0.0,no,no,no,no,yes,yes,yes,no,3.0,4.0,3.0,1.0,2.0,4.0,6.0,14.0,13.0,13.0,True
120,GP,F,15.0,urban,>3,1.0,2.0,at_home,services,1.0,2.0,0.0,no,no,no,no,no,yes,yes,no,3.0,2.0,3.0,1.0,2.0,1.0,2.0,16.0,15.0,15.0,True
121,GP,,15.0,urban,>3,2.0,2.0,services,services,1.0,,0.0,no,yes,yes,yes,yes,yes,yes,no,,,4.0,1.0,2.0,5.0,6.0,16.0,14.0,15.0,True
122,GP,F,16.0,urban,<=3,2.0,4.0,other,health,2.0,2.0,0.0,no,yes,yes,,yes,yes,yes,yes,4.0,2.0,2.0,1.0,,5.0,2.0,13.0,13.0,13.0,True
123,GP,M,16.0,urban,>3,4.0,4.0,health,other,1.0,1.0,0.0,no,yes,no,yes,yes,yes,yes,no,,4.0,4.0,1.0,4.0,5.0,18.0,14.0,11.0,13.0,True
124,GP,F,16.0,urban,>3,2.0,2.0,other,other,1.0,2.0,0.0,no,no,yes,no,yes,yes,yes,,5.0,4.0,4.0,1.0,1.0,5.0,0.0,8.0,7.0,8.0,True
125,GP,M,15.0,urban,>3,3.0,4.0,services,services,1.0,1.0,0.0,yes,no,no,no,,yes,yes,no,5.0,5.0,,3.0,2.0,,,13.0,13.0,12.0,True
126,GP,F,15.0,urban,<=3,3.0,4.0,other,other,1.0,2.0,0.0,yes,no,-,yes,yes,yes,yes,yes,,3.0,2.0,1.0,1.0,1.0,0.0,7.0,10.0,11.0,False
127,GP,F,19.0,urban,>3,0.0,1.0,at_home,other,1.0,2.0,3.0,no,yes,no,no,no,no,no,no,3.0,4.0,2.0,1.0,1.0,5.0,2.0,7.0,8.0,9.0,True
128,GP,M,18.0,rural,>3,2.0,2.0,services,other,1.0,1.0,2.0,no,yes,no,yes,yes,yes,yes,no,3.0,3.0,3.0,1.0,2.0,4.0,0.0,7.0,4.0,0.0,True
129,GP,M,16.0,rural,>3,4.0,4.0,teacher,teacher,1.0,1.0,0.0,no,no,yes,yes,yes,yes,yes,no,,5.0,5.0,2.0,5.0,4.0,8.0,18.0,18.0,18.0,True
130,GP,F,15.0,rural,>3,3.0,4.0,services,teacher,2.0,3.0,2.0,no,Missing,no,no,yes,yes,yes,yes,4.0,2.0,2.0,2.0,2.0,5.0,0.0,12.0,0.0,0.0,True
131,GP,F,15.0,urban,>3,1.0,1.0,at_home,other,3.0,1.0,0.0,no,yes,no,yes,no,yes,yes,yes,4.0,3.0,3.0,1.0,2.0,4.0,0.0,8.0,0.0,0.0,True
132,GP,F,17.0,urban,<=3,2.0,2.0,other,other,1.0,1.0,0.0,no,yes,,no,yes,yes,yes,yes,3.0,4.0,4.0,1.0,3.0,5.0,12.0,10.0,13.0,12.0,True
133,GP,F,16.0,urban,>3,3.0,4.0,services,other,1.0,1.0,0.0,no,no,no,no,yes,yes,yes,no,3.0,2.0,1.0,1.0,4.0,5.0,16.0,12.0,11.0,11.0,False
134,GP,M,15.0,rural,>3,3.0,4.0,at_home,teacher,4.0,2.0,0.0,no,yes,no,no,yes,yes,no,yes,5.0,3.0,3.0,1.0,1.0,5.0,0.0,9.0,0.0,0.0,True
135,GP,F,15.0,urban,>3,4.0,4.0,services,at_home,1.0,3.0,0.0,-,yes,no,yes,yes,yes,yes,yes,4.0,3.0,3.0,1.0,1.0,5.0,0.0,11.0,0.0,0.0,True
136,GP,M,17.0,rural,>3,3.0,4.0,at_home,other,3.0,2.0,0.0,no,no,no,no,yes,yes,no,no,5.0,4.0,5.0,2.0,4.0,5.0,0.0,10.0,0.0,0.0,True
137,GP,F,16.0,,>3,3.0,3.0,other,other,2.0,1.0,2.0,no,yes,no,yes,no,yes,yes,yes,4.0,3.0,2.0,1.0,1.0,5.0,0.0,4.0,0.0,0.0,False
138,GP,,16.0,urban,<=3,1.0,1.0,services,Missing,1.0,2.0,1.0,no,no,no,no,yes,yes,no,yes,4.0,4.0,4.0,1.0,3.0,5.0,0.0,14.0,12.0,12.0,True
139,GP,F,15.0,urban,>3,4.0,4.0,teacher,teacher,2.0,1.0,0.0,no,no,no,yes,yes,yes,yes,no,4.0,3.0,2.0,1.0,1.0,5.0,0.0,16.0,16.0,15.0,True
140,GP,M,15.0,urban,>3,4.0,3.0,teacher,services,2.0,4.0,0.0,yes,yes,no,no,yes,yes,yes,no,2.0,2.0,,1.0,1.0,3.0,0.0,7.0,9.0,0.0,
141,GP,M,16.0,urban,<=3,2.0,2.0,services,services,2.0,1.0,2.0,no,yes,no,yes,-,yes,yes,no,2.0,3.0,3.0,2.0,2.0,2.0,8.0,9.0,9.0,9.0,True
142,GP,F,15.0,urban,>3,4.0,4.0,teacher,services,1.0,3.0,0.0,no,yes,yes,yes,yes,,yes,no,4.0,2.0,2.0,1.0,1.0,5.0,2.0,9.0,11.0,11.0,True
143,GP,F,16.0,urban,<=3,1.0,1.0,at_home,at_home,1.0,1.0,,no,no,no,no,yes,yes,yes,no,3.0,4.0,4.0,3.0,,,2.0,14.0,14.0,13.0,True
144,GP,M,17.0,urban,>3,2.0,1.0,other,other,1.0,1.0,3.0,no,yes,no,no,yes,yes,yes,no,5.0,4.0,5.0,1.0,2.0,5.0,,5.0,0.0,0.0,True
145,GP,F,15.0,urban,>3,1.0,1.0,-,services,1.0,2.0,0.0,no,yes,yes,no,yes,,yes,no,4.0,4.0,2.0,1.0,2.0,5.0,0.0,8.0,11.0,11.0,True
146,GP,F,15.0,urban,>3,,,health,services,1.0,2.0,,no,yes,no,no,yes,yes,yes,no,3.0,3.0,2.0,1.0,1.0,3.0,0.0,6.0,7.0,0.0,True
147,GP,F,15.0,urban,>3,1.0,2.0,at_home,other,1.0,2.0,0.0,no,yes,yes,no,no,yes,yes,no,4.0,3.0,2.0,1.0,1.0,5.0,2.0,10.0,11.0,11.0,True
148,GP,M,16.0,urban,>3,4.0,4.0,teacher,teacher,1.0,1.0,0.0,no,yes,no,no,,no,yes,yes,3.0,3.0,,2.0,1.0,5.0,0.0,7.0,,0.0,True
149,GP,M,15.0,urban,<=3,2.0,1.0,services,other,4.0,1.0,3.0,no,no,no,no,yes,yes,,no,4.0,5.0,5.0,2.0,5.0,5.0,0.0,8.0,9.0,10.0,False
150,GP,M,18.0,urban,<=3,1.0,1.0,other,other,1.0,1.0,3.0,no,no,no,no,yes,no,yes,yes,2.0,3.0,5.0,2.0,5.0,4.0,0.0,6.0,5.0,0.0,True
151,GP,M,16.0,urban,,2.0,1.0,at_home,other,1.0,,1.0,no,no,no,yes,yes,yes,no,yes,4.0,4.0,4.0,3.0,5.0,5.0,6.0,12.0,13.0,14.0,True
152,GP,F,,rural,,3.0,3.0,services,services,2.0,3.0,2.0,no,yes,yes,yes,yes,yes,yes,yes,4.0,2.0,1.0,2.0,3.0,3.0,8.0,10.0,10.0,10.0,True
153,GP,M,19.0,urban,>3,3.0,2.0,services,at_home,1.0,,3.0,no,yes,no,no,yes,no,yes,yes,4.0,5.0,4.0,1.0,1.0,4.0,0.0,5.0,0.0,0.0,True
154,GP,F,,urban,>3,4.0,4.0,other,teacher,1.0,1.0,0.0,yes,yes,,no,yes,yes,no,yes,4.0,2.0,1.0,1.0,1.0,,0.0,11.0,11.0,12.0,True
155,GP,M,15.0,rural,>3,2.0,3.0,at_home,services,,2.0,0.0,yes,no,yes,yes,yes,yes,no,no,4.0,4.0,4.0,1.0,1.0,1.0,2.0,11.0,8.0,8.0,True
156,GP,M,17.0,rural,<=3,1.0,2.0,other,other,1.0,1.0,0.0,no,no,no,no,yes,yes,no,no,2.0,2.0,2.0,3.0,3.0,5.0,,16.0,12.0,13.0,True
157,GP,F,18.0,rural,>3,1.0,1.0,at_home,other,3.0,1.0,3.0,no,yes,no,yes,no,,no,no,5.0,2.0,,1.0,5.0,4.0,6.0,9.0,8.0,10.0,True
158,GP,M,16.0,rural,>3,2.0,2.0,at_home,other,3.0,1.0,0.0,no,no,no,no,no,yes,no,no,4.0,2.0,2.0,1.0,2.0,3.0,2.0,17.0,15.0,,True
159,,M,16.0,urban,>3,3.0,3.0,other,services,1.0,2.0,1.0,no,yes,yes,no,yes,yes,yes,yes,4.0,5.0,5.0,4.0,4.0,5.0,4.0,10.0,12.0,12.0,True
160,GP,M,17.0,rural,<=3,2.0,1.0,at_home,other,2.0,1.0,2.0,no,no,no,yes,yes,no,yes,yes,3.0,3.0,2.0,2.0,2.0,5.0,0.0,7.0,6.0,0.0,True
161,GP,M,15.0,rural,>3,3.0,2.0,other,other,2.0,2.0,2.0,yes,-,no,no,yes,yes,yes,yes,4.0,4.0,4.0,1.0,4.0,3.0,6.0,5.0,9.0,7.0,True
162,GP,M,16.0,urban,<=3,1.0,2.0,-,other,2.0,1.0,1.0,no,no,no,yes,yes,yes,no,no,4.0,4.0,4.0,2.0,4.0,5.0,0.0,7.0,0.0,0.0,True
163,GP,M,17.0,,>3,1.0,3.0,at_home,services,1.0,1.0,0.0,no,no,no,no,yes,no,yes,no,,3.0,3.0,1.0,4.0,2.0,2.0,10.0,10.0,10.0,True
164,GP,M,17.0,rural,<=3,1.0,1.0,other,services,4.0,2.0,3.0,no,no,no,yes,yes,,no,yes,5.0,3.0,5.0,1.0,5.0,5.0,0.0,5.0,8.0,7.0,True
165,GP,M,16.0,urban,>3,3.0,2.0,services,services,2.0,1.0,1.0,no,yes,no,yes,no,no,no,no,4.0,5.0,2.0,1.0,1.0,2.0,16.0,12.0,11.0,12.0,True
166,GP,M,16.0,urban,>3,2.0,2.0,,,1.0,2.0,0.0,no,no,no,no,yes,no,yes,,4.0,3.0,5.0,2.0,4.0,4.0,4.0,,10.0,10.0,
167,GP,F,16.0,urban,>3,4.0,2.0,health,services,1.0,2.0,0.0,no,no,yes,no,yes,yes,yes,yes,4.0,2.0,3.0,1.0,1.0,3.0,0.0,14.0,15.0,16.0,True
168,GP,F,16.0,urban,>3,2.0,2.0,other,other,1.0,2.0,0.0,no,yes,yes,no,no,,yes,no,5.0,1.0,5.0,1.0,1.0,4.0,0.0,6.0,7.0,0.0,True
169,GP,F,16.0,urban,>3,4.0,4.0,health,health,1.0,2.0,0.0,no,yes,yes,no,yes,yes,yes,yes,4.0,4.0,2.0,1.0,1.0,3.0,0.0,14.0,14.0,14.0,True
170,GP,M,16.0,urban,>3,3.0,,,other,3.0,1.0,2.0,no,yes,no,yes,no,yes,yes,no,3.0,4.0,5.0,2.0,4.0,2.0,0.0,6.0,5.0,0.0,True
171,GP,M,16.0,urban,>3,1.0,0.0,other,other,2.0,2.0,0.0,no,yes,yes,yes,yes,yes,yes,yes,4.0,3.0,2.0,1.0,1.0,3.0,2.0,13.0,15.0,16.0,True
172,GP,M,17.0,urban,<=3,4.0,4.0,teacher,other,1.0,2.0,0.0,no,yes,yes,,yes,,yes,no,4.0,4.0,4.0,1.0,3.0,5.0,0.0,,11.0,10.0,True
173,GP,F,16.0,urban,>3,1.0,3.0,at_home,services,1.0,2.0,3.0,no,no,no,yes,no,yes,yes,yes,4.0,3.0,5.0,1.0,1.0,3.0,0.0,8.0,7.0,0.0,True
174,GP,F,16.0,urban,<=3,3.0,3.0,other,other,2.0,2.0,,no,yes,yes,yes,yes,yes,yes,no,4.0,4.0,5.0,1.0,1.0,4.0,4.0,10.0,11.0,9.0,True
175,GP,M,17.0,urban,<=3,4.0,,teacher,other,2.0,2.0,0.0,no,no,yes,yes,yes,yes,yes,no,4.0,4.0,4.0,4.0,4.0,,4.0,10.0,9.0,9.0,True
176,Missing,F,16.0,urban,>3,2.0,2.0,services,other,2.0,2.0,0.0,no,no,yes,yes,no,yes,yes,no,3.0,4.0,4.0,1.0,4.0,5.0,2.0,13.0,13.0,11.0,True
177,Missing,M,,urban,>3,3.0,3.0,other,other,1.0,2.0,0.0,no,no,no,yes,no,yes,yes,no,4.0,,4.0,1.0,4.0,4.0,4.0,6.0,5.0,6.0,True
178,GP,M,16.0,rural,>3,4.0,2.0,teacher,services,1.0,1.0,0.0,no,yes,no,yes,yes,yes,yes,yes,4.0,3.0,3.0,,4.0,3.0,10.0,10.0,8.0,9.0,True
179,GP,M,17.0,urban,>3,4.0,3.0,other,other,1.0,2.0,0.0,no,yes,no,yes,yes,yes,yes,yes,5.0,2.0,3.0,1.0,1.0,2.0,4.0,10.0,10.0,11.0,True
180,GP,M,16.0,urban,>3,4.0,3.0,teacher,-,1.0,2.0,0.0,no,yes,yes,yes,yes,yes,,no,3.0,4.0,3.0,2.0,3.0,3.0,10.0,9.0,8.0,8.0,True
181,GP,M,16.0,urban,>3,,3.0,services,Missing,1.0,2.0,0.0,,no,yes,,yes,yes,yes,yes,,2.0,3.0,1.0,2.0,3.0,2.0,12.0,13.0,12.0,True
182,GP,F,,urban,>3,2.0,4.0,services,services,1.0,2.0,0.0,no,yes,no,yes,yes,yes,no,no,5.0,4.0,2.0,2.0,3.0,5.0,0.0,16.0,17.0,17.0,True
183,GP,F,17.0,urban,<=3,3.0,3.0,other,other,1.0,2.0,0.0,no,yes,no,yes,yes,yes,yes,yes,5.0,3.0,3.0,2.0,3.0,,56.0,9.0,9.0,8.0,True
184,GP,-,16.0,urban,>3,3.0,2.0,other,other,1.0,2.0,0.0,no,yes,yes,no,yes,,yes,no,1.0,2.0,2.0,1.0,2.0,1.0,14.0,12.0,13.0,12.0,True
185,GP,M,17.0,urban,>3,3.0,3.0,services,services,1.0,2.0,0.0,Missing,yes,no,yes,yes,yes,yes,yes,4.0,3.0,4.0,2.0,3.0,4.0,12.0,12.0,12.0,11.0,True
186,GP,M,16.0,urban,,1.0,2.0,services,services,1.0,1.0,0.0,no,yes,yes,yes,yes,yes,yes,yes,3.0,3.0,3.0,,2.0,3.0,2.0,11.0,12.0,,True
187,GP,M,16.0,urban,<=3,,1.0,other,other,1.0,2.0,0.0,no,no,yes,yes,yes,yes,yes,yes,4.0,2.0,,1.0,2.0,,,15.0,15.0,15.0,True
188,GP,F,17.0,urban,>3,3.0,3.0,health,other,1.0,2.0,0.0,no,yes,no,no,no,yes,yes,yes,3.0,3.0,,1.0,3.0,3.0,6.0,8.0,7.0,9.0,False
189,GP,M,17.0,rural,>3,1.0,2.0,at_home,other,1.0,2.0,0.0,no,no,no,no,yes,yes,no,no,3.0,1.0,3.0,1.0,,3.0,4.0,8.0,9.0,10.0,True
190,GP,F,16.0,urban,>3,,3.0,services,services,1.0,2.0,0.0,no,,no,no,yes,yes,yes,no,4.0,3.0,3.0,1.0,1.0,2.0,10.0,11.0,12.0,13.0,True
191,GP,F,17.0,urban,>3,1.0,1.0,-,services,1.0,2.0,0.0,no,no,no,yes,yes,yes,yes,no,5.0,3.0,3.0,1.0,1.0,3.0,0.0,8.0,8.0,9.0,True
192,GP,M,17.0,urban,>3,1.0,2.0,at_home,services,2.0,2.0,0.0,no,no,yes,yes,no,yes,yes,no,4.0,4.0,4.0,4.0,5.0,5.0,12.0,,8.0,8.0,True
193,GP,M,16.0,rural,>3,3.0,3.0,services,services,1.0,1.0,0.0,no,yes,no,yes,yes,yes,yes,no,4.0,3.0,2.0,3.0,4.0,5.0,8.0,8.0,9.0,10.0,True
194,GP,M,16.0,urban,>3,2.0,,other,other,2.0,1.0,0.0,no,no,no,no,yes,yes,yes,no,5.0,3.0,3.0,1.0,1.0,3.0,0.0,13.0,14.0,14.0,True
195,GP,F,17.0,urban,<=3,2.0,4.0,services,services,1.0,2.0,0.0,no,no,no,yes,yes,yes,yes,-,4.0,3.0,2.0,1.0,1.0,5.0,0.0,14.0,15.0,15.0,True
196,GP,M,17.0,urban,>3,4.0,4.0,-,teacher,1.0,1.0,0.0,no,no,no,no,yes,yes,yes,no,5.0,2.0,3.0,1.0,2.0,5.0,4.0,17.0,15.0,16.0,True
197,,M,16.0,rural,<=3,3.0,3.0,teacher,other,3.0,1.0,0.0,,yes,yes,yes,yes,yes,yes,no,3.0,3.0,4.0,,5.0,3.0,8.0,9.0,9.0,10.0,True
198,Missing,F,17.0,urban,>3,4.0,4.0,services,teacher,2.0,1.0,1.0,no,yes,no,no,yes,,yes,no,4.0,2.0,4.0,2.0,,2.0,24.0,18.0,18.0,18.0,True
199,Missing,F,16.0,urban,<=3,4.0,4.0,teacher,teacher,1.0,2.0,,no,yes,yes,no,yes,yes,yes,no,4.0,5.0,2.0,1.0,2.0,3.0,0.0,9.0,9.0,10.0,True
200,GP,F,16.0,urban,>3,4.0,3.0,health,other,,2.0,0.0,no,yes,,yes,yes,yes,yes,no,4.0,3.0,5.0,1.0,5.0,,2.0,16.0,16.0,16.0,True
201,GP,F,16.0,urban,>3,,3.0,other,other,1.0,2.0,0.0,yes,yes,yes,yes,yes,yes,no,no,4.0,4.0,3.0,1.0,3.0,4.0,6.0,8.0,10.0,10.0,True
202,GP,,17.0,urban,,1.0,1.0,Missing,other,1.0,2.0,0.0,no,yes,yes,no,no,yes,no,no,4.0,4.0,4.0,1.0,,1.0,4.0,9.0,9.0,10.0,True
203,GP,F,17.0,rural,>3,2.0,2.0,other,other,1.0,1.0,0.0,no,yes,no,no,yes,yes,yes,no,5.0,3.0,2.0,1.0,2.0,3.0,18.0,7.0,6.0,6.0,True
204,GP,F,16.0,rural,>3,2.0,2.0,services,services,2.0,4.0,0.0,no,yes,yes,yes,no,yes,yes,no,,3.0,5.0,1.0,1.0,5.0,6.0,10.0,10.0,11.0,True
205,GP,F,17.0,urban,>3,3.0,4.0,at_home,services,1.0,3.0,1.0,no,yes,yes,no,yes,yes,,yes,4.0,4.0,3.0,3.0,4.0,5.0,28.0,10.0,9.0,,True
206,GP,F,16.0,urban,>3,3.0,1.0,services,other,,2.0,3.0,no,yes,yes,no,yes,yes,yes,no,2.0,3.0,3.0,2.0,2.0,4.0,5.0,7.0,7.0,7.0,False
207,GP,F,16.0,,>3,4.0,3.0,teacher,other,1.0,,,no,no,yes,yes,yes,yes,yes,yes,1.0,3.0,2.0,1.0,1.0,1.0,10.0,11.0,12.0,13.0,True
208,GP,F,16.0,urban,>3,1.0,1.0,at_home,other,2.0,1.0,0.0,no,yes,yes,no,yes,yes,no,,4.0,3.0,2.0,1.0,4.0,5.0,6.0,9.0,9.0,10.0,True
209,GP,F,17.0,rural,>3,4.0,3.0,teacher,other,2.0,3.0,0.0,no,yes,yes,yes,yes,yes,yes,yes,4.0,4.0,2.0,1.0,1.0,4.0,6.0,7.0,7.0,7.0,True
210,GP,F,19.0,urban,>3,3.0,3.0,,other,1.0,4.0,0.0,no,yes,yes,yes,yes,yes,yes,no,4.0,,3.0,1.0,2.0,3.0,10.0,8.0,,8.0,True
211,GP,M,17.0,urban,<=3,4.0,4.0,services,other,1.0,2.0,0.0,no,yes,yes,no,yes,yes,yes,yes,5.0,3.0,5.0,,5.0,3.0,13.0,12.0,12.0,13.0,True
212,GP,F,,urban,>3,2.0,2.0,other,other,,2.0,0.0,yes,yes,yes,no,yes,yes,yes,no,3.0,3.0,4.0,1.0,,4.0,0.0,12.0,13.0,14.0,False
213,GP,M,18.0,urban,>3,2.0,2.0,services,other,,2.0,1.0,no,yes,yes,yes,yes,yes,yes,no,4.0,4.0,4.0,2.0,4.0,5.0,15.0,6.0,7.0,8.0,
214,GP,F,17.0,rural,<=3,4.0,4.0,services,other,1.0,1.0,0.0,no,yes,yes,no,yes,yes,no,no,5.0,,1.0,1.0,2.0,3.0,12.0,8.0,10.0,10.0,True
215,GP,F,17.0,urban,<=3,3.0,2.0,other,other,2.0,2.0,0.0,no,,yes,no,yes,,yes,no,4.0,4.0,4.0,1.0,3.0,1.0,2.0,14.0,15.0,15.0,True
216,GP,F,17.0,urban,>3,4.0,3.0,,other,1.0,2.0,2.0,no,no,yes,no,yes,yes,yes,yes,3.0,4.0,5.0,2.0,4.0,1.0,22.0,6.0,6.0,4.0,True
217,GP,M,18.0,urban,<=3,3.0,3.0,services,health,1.0,2.0,1.0,no,,yes,no,yes,yes,yes,no,3.0,,4.0,,4.0,4.0,13.0,6.0,6.0,8.0,True
218,GP,F,17.0,urban,>3,2.0,3.0,at_home,other,2.0,1.0,0.0,no,yes,yes,no,yes,yes,no,no,3.0,3.0,3.0,1.0,4.0,3.0,3.0,7.0,7.0,8.0,True
219,GP,F,17.0,urban,>3,2.0,2.0,at_home,at_home,1.0,3.0,0.0,no,yes,yes,yes,yes,yes,yes,no,4.0,3.0,3.0,1.0,1.0,4.0,4.0,9.0,10.0,10.0,True
220,GP,F,17.0,rural,>3,2.0,1.0,at_home,services,,2.0,0.0,no,yes,no,yes,yes,yes,yes,no,4.0,2.0,5.0,1.0,2.0,5.0,2.0,6.0,6.0,6.0,True
221,GP,F,17.0,urban,>3,1.0,1.0,at_home,other,1.0,3.0,1.0,no,yes,no,yes,yes,yes,no,yes,4.0,3.0,4.0,1.0,1.0,5.0,0.0,6.0,5.0,0.0,True
222,GP,,16.0,urban,>3,2.0,3.0,services,teacher,1.0,2.0,0.0,yes,no,no,no,yes,yes,,no,2.0,3.0,1.0,1.0,1.0,3.0,2.0,16.0,16.0,17.0,True
223,GP,-,18.0,urban,>3,2.0,2.0,other,other,2.0,2.0,0.0,no,yes,yes,no,yes,yes,yes,no,3.0,3.0,3.0,5.0,5.0,4.0,0.0,12.0,13.0,13.0,True
224,GP,F,16.0,urban,>3,4.0,4.0,teacher,services,1.0,3.0,0.0,no,yes,no,yes,no,yes,yes,no,5.0,,2.0,1.0,1.0,5.0,0.0,13.0,13.0,14.0,True
225,GP,F,18.0,rural,>3,3.0,1.0,other,other,,2.0,,no,no,no,yes,yes,yes,yes,yes,5.0,3.0,3.0,1.0,1.0,4.0,16.0,9.0,8.0,,True
226,GP,F,17.0,urban,>3,3.0,2.0,other,other,1.0,2.0,0.0,no,no,no,yes,no,yes,yes,no,5.0,3.0,4.0,1.0,3.0,3.0,10.0,16.0,15.0,15.0,
227,GP,M,17.0,urban,<=3,2.0,3.0,services,services,1.0,2.0,0.0,,yes,yes,no,no,yes,yes,no,,3.0,3.0,1.0,3.0,3.0,2.0,12.0,11.0,12.0,True
228,GP,M,,urban,<=3,,1.0,at_home,other,4.0,2.0,0.0,yes,yes,yes,yes,yes,yes,,yes,4.0,3.0,2.0,,5.0,3.0,14.0,10.0,8.0,9.0,True
229,GP,F,17.0,,>3,,,other,other,2.0,3.0,0.0,no,no,no,yes,yes,yes,yes,yes,3.0,2.0,3.0,1.0,2.0,3.0,10.0,12.0,10.0,12.0,False
230,GP,,17.0,urban,<=3,4.0,3.0,health,,1.0,2.0,0.0,no,no,no,yes,yes,-,yes,yes,3.0,2.0,3.0,1.0,2.0,3.0,14.0,13.0,13.0,14.0,True
231,GP,M,17.0,rural,>3,2.0,2.0,other,other,2.0,2.0,0.0,no,yes,yes,yes,yes,yes,yes,no,,5.0,2.0,1.0,,1.0,4.0,11.0,11.0,11.0,True
232,GP,M,17.0,urban,>3,4.0,4.0,teacher,teacher,1.0,2.0,0.0,yes,yes,no,yes,yes,yes,yes,yes,4.0,5.0,,1.0,3.0,2.0,14.0,11.0,9.0,9.0,True
233,GP,M,16.0,urban,>3,4.0,4.0,health,other,1.0,,0.0,no,yes,yes,yes,yes,yes,yes,no,4.0,2.0,4.0,2.0,4.0,1.0,2.0,14.0,13.0,13.0,True
234,GP,M,16.0,urban,<=3,,1.0,other,other,,2.0,0.0,no,yes,yes,no,yes,yes,yes,no,3.0,4.0,2.0,1.0,1.0,5.0,18.0,9.0,7.0,6.0,True
235,GP,M,16.0,urban,>3,3.0,2.0,at_home,other,,3.0,0.0,,no,no,yes,yes,yes,yes,yes,5.0,3.0,,1.0,,2.0,10.0,11.0,9.0,10.0,True
236,Missing,M,17.0,urban,<=3,2.0,2.0,other,other,1.0,2.0,0.0,no,no,yes,yes,no,yes,yes,yes,4.0,4.0,2.0,5.0,5.0,4.0,4.0,14.0,13.0,13.0,True
237,GP,F,16.0,,>3,2.0,,other,other,1.0,1.0,0.0,no,no,no,no,yes,,yes,yes,4.0,5.0,2.0,1.0,1.0,5.0,20.0,13.0,12.0,12.0,True
238,GP,F,17.0,rural,>3,2.0,1.0,at_home,services,3.0,,0.0,no,no,no,yes,yes,yes,no,no,2.0,1.0,1.0,1.0,1.0,3.0,2.0,13.0,11.0,11.0,True
239,GP,M,18.0,urban,>3,2.0,2.0,other,services,,2.0,1.0,no,no,no,no,yes,no,yes,no,,5.0,4.0,3.0,5.0,2.0,0.0,7.0,7.0,0.0,True
240,GP,M,17.0,urban,<=3,4.0,3.0,health,other,2.0,2.0,0.0,no,no,no,yes,yes,yes,yes,yes,2.0,5.0,5.0,1.0,4.0,5.0,14.0,12.0,12.0,12.0,True
241,GP,M,17.0,rural,<=3,4.0,4.0,teacher,other,2.0,2.0,0.0,no,yes,yes,no,yes,yes,yes,no,3.0,3.0,3.0,,3.0,4.0,2.0,10.0,11.0,12.0,False
242,GP,M,16.0,urban,<=3,4.0,3.0,teacher,other,1.0,1.0,0.0,,,no,yes,no,yes,yes,no,5.0,4.0,5.0,1.0,1.0,3.0,0.0,6.0,0.0,0.0,True
243,GP,,16.0,urban,>3,4.0,4.0,services,services,1.0,1.0,0.0,no,no,no,yes,yes,yes,yes,no,5.0,3.0,2.0,1.0,2.0,5.0,0.0,13.0,12.0,12.0,True
244,GP,F,18.0,urban,>3,2.0,1.0,other,other,2.0,3.0,0.0,,yes,yes,no,-,yes,yes,yes,4.0,4.0,4.0,1.0,1.0,3.0,0.0,7.0,0.0,0.0,True
245,GP,M,16.0,urban,>3,,1.0,other,other,3.0,1.0,0.0,no,no,no,no,yes,yes,yes,no,4.0,3.0,3.0,1.0,,4.0,6.0,18.0,18.0,18.0,True
246,GP,M,17.0,urban,>3,2.0,3.0,other,other,2.0,,0.0,no,no,no,no,yes,yes,yes,no,5.0,2.0,2.0,1.0,1.0,2.0,4.0,12.0,12.0,13.0,True
247,GP,M,22.0,urban,>3,3.0,1.0,services,services,1.0,1.0,3.0,no,no,no,no,no,no,yes,yes,5.0,4.0,,5.0,5.0,1.0,16.0,6.0,8.0,8.0,True
248,GP,M,18.0,rural,<=3,3.0,3.0,other,services,1.0,2.0,1.0,no,yes,no,no,yes,yes,yes,yes,4.0,3.0,3.0,1.0,3.0,5.0,8.0,3.0,,5.0,True
249,GP,M,16.0,urban,,0.0,2.0,other,other,1.0,1.0,0.0,no,no,yes,no,no,yes,yes,,4.0,3.0,2.0,2.0,4.0,5.0,,13.0,15.0,15.0,True
250,GP,M,18.0,urban,>3,3.0,2.0,services,other,2.0,1.0,,no,no,no,no,yes,no,yes,no,4.0,4.0,5.0,2.0,4.0,5.0,0.0,6.0,8.0,8.0,True
251,GP,M,16.0,urban,>3,3.0,3.0,at_home,other,3.0,2.0,0.0,yes,yes,no,no,no,yes,yes,no,5.0,3.0,3.0,1.0,3.0,2.0,6.0,,10.0,10.0,True
252,GP,M,18.0,urban,>3,2.0,1.0,services,services,1.0,1.0,1.0,no,no,no,no,,no,yes,no,3.0,2.0,5.0,2.0,5.0,5.0,4.0,6.0,9.0,8.0,True
253,GP,M,16.0,rural,>3,2.0,1.0,,other,2.0,1.0,0.0,no,no,no,yes,no,yes,no,no,3.0,3.0,2.0,1.0,3.0,3.0,0.0,8.0,9.0,8.0,True
254,GP,M,,rural,>3,2.0,1.0,other,other,1.0,1.0,0.0,no,no,no,no,no,yes,yes,no,4.0,4.0,2.0,2.0,4.0,5.0,0.0,8.0,12.0,12.0,True
255,GP,,17.0,urban,<=3,1.0,1.0,health,other,2.0,1.0,1.0,no,yes,no,yes,yes,yes,yes,no,4.0,4.0,4.0,1.0,2.0,5.0,2.0,7.0,9.0,8.0,
256,GP,F,17.0,urban,<=3,4.0,,teacher,services,1.0,4.0,0.0,no,yes,yes,yes,yes,yes,yes,,4.0,2.0,3.0,1.0,1.0,4.0,6.0,14.0,12.0,,True
257,GP,M,19.0,urban,<=3,4.0,3.0,services,at_home,1.0,2.0,0.0,no,yes,no,no,yes,yes,yes,no,4.0,3.0,1.0,1.0,1.0,1.0,12.0,11.0,11.0,11.0,False
258,GP,M,18.0,urban,>3,2.0,1.0,other,other,1.0,2.0,0.0,,no,no,yes,yes,,yes,no,5.0,2.0,4.0,1.0,2.0,4.0,8.0,15.0,14.0,14.0,
259,GP,-,17.0,urban,<=3,2.0,2.0,services,services,1.0,4.0,0.0,no,no,yes,yes,yes,yes,yes,yes,3.0,4.0,1.0,1.0,1.0,2.0,0.0,10.0,9.0,0.0,True
260,GP,F,,urban,>3,4.0,3.0,services,other,1.0,2.0,0.0,no,yes,yes,no,yes,yes,yes,yes,3.0,1.0,,1.0,3.0,2.0,21.0,17.0,18.0,18.0,True
261,GP,M,,urban,>3,4.0,3.0,teacher,other,1.0,2.0,0.0,no,yes,yes,no,no,yes,yes,no,4.0,3.0,,1.0,1.0,3.0,2.0,8.0,8.0,8.0,
262,GP,M,18.0,rural,>3,3.0,2.0,other,other,1.0,3.0,0.0,no,no,no,yes,no,yes,no,no,5.0,3.0,2.0,1.0,1.0,3.0,1.0,13.0,12.0,12.0,True
263,GP,F,17.0,urban,>3,3.0,3.0,other,other,1.0,3.0,0.0,no,no,no,yes,no,yes,no,no,3.0,2.0,3.0,1.0,1.0,4.0,4.0,10.0,9.0,9.0,True
264,GP,F,18.0,urban,>3,2.0,,at_home,services,1.0,3.0,0.0,no,yes,yes,yes,yes,,yes,yes,4.0,3.0,3.0,1.0,1.0,3.0,0.0,9.0,10.0,0.0,True
265,GP,M,18.0,rural,<=3,3.0,4.0,other,other,2.0,2.0,0.0,no,yes,yes,yes,yes,yes,,no,4.0,2.0,5.0,3.0,4.0,1.0,13.0,17.0,17.0,17.0,False
266,GP,M,17.0,,>3,3.0,1.0,services,other,1.0,2.0,0.0,no,no,yes,yes,yes,yes,yes,yes,5.0,4.0,4.0,3.0,4.0,5.0,2.0,,9.0,10.0,True
267,GP,,18.0,rural,>3,4.0,4.0,teacher,other,2.0,2.0,0.0,no,no,,yes,yes,yes,yes,no,4.0,3.0,4.0,2.0,2.0,4.0,8.0,12.0,10.0,11.0,
268,GP,M,18.0,urban,>3,4.0,2.0,health,other,1.0,2.0,0.0,,yes,yes,,yes,yes,yes,yes,5.0,4.0,5.0,1.0,3.0,5.0,10.0,,9.0,10.0,True
269,GP,F,,rural,>3,2.0,1.0,other,other,2.0,2.0,0.0,no,yes,no,no,yes,no,yes,yes,4.0,3.0,5.0,1.0,2.0,,0.0,6.0,0.0,0.0,True
270,GP,F,19.0,urban,>3,,3.0,other,services,,2.0,2.0,no,yes,yes,yes,yes,yes,yes,no,4.0,3.0,5.0,3.0,3.0,5.0,15.0,9.0,9.0,9.0,True
271,GP,F,18.0,urban,>3,2.0,3.0,other,services,1.0,4.0,0.0,-,yes,yes,yes,yes,yes,yes,yes,4.0,5.0,5.0,1.0,3.0,2.0,4.0,15.0,14.0,14.0,True
272,GP,F,,urban,<=3,1.0,,other,other,2.0,2.0,0.0,no,yes,yes,,no,yes,no,no,4.0,4.0,3.0,1.0,1.0,3.0,2.0,,11.0,11.0,True
273,GP,M,17.0,rural,>3,1.0,2.0,at_home,at_home,1.0,2.0,0.0,no,yes,yes,yes,no,yes,no,yes,3.0,5.0,2.0,2.0,2.0,1.0,2.0,15.0,14.0,14.0,True
274,GP,F,17.0,urban,>3,2.0,,at_home,health,2.0,2.0,0.0,no,yes,yes,no,yes,yes,yes,yes,4.0,3.0,3.0,1.0,1.0,1.0,2.0,10.0,10.0,10.0,True
275,GP,F,17.0,urban,<=3,2.0,2.0,services,other,2.0,2.0,0.0,yes,yes,yes,no,yes,yes,yes,yes,4.0,4.0,4.0,2.0,3.0,5.0,6.0,12.0,12.0,12.0,True
276,GP,F,18.0,,>3,3.0,,other,services,2.0,2.0,0.0,,no,no,no,no,no,yes,yes,4.0,1.0,1.0,1.0,1.0,5.0,75.0,10.0,9.0,9.0,False
277,GP,M,18.0,urban,>3,4.0,4.0,teacher,services,2.0,1.0,0.0,no,no,yes,yes,yes,yes,yes,no,3.0,2.0,4.0,1.0,4.0,3.0,22.0,9.0,,9.0,True
278,GP,F,18.0,urban,>3,4.0,4.0,health,health,1.0,2.0,1.0,yes,yes,no,yes,yes,yes,yes,yes,2.0,4.0,4.0,1.0,1.0,4.0,15.0,9.0,8.0,8.0,True
279,GP,M,18.0,urban,<=3,4.0,3.0,teacher,services,2.0,1.0,0.0,no,no,yes,yes,,yes,yes,,4.0,2.0,3.0,1.0,2.0,1.0,8.0,10.0,11.0,10.0,True
280,GP,M,17.0,urban,<=3,4.0,1.0,services,other,2.0,1.0,,no,no,yes,yes,yes,yes,yes,yes,4.0,5.0,4.0,2.0,4.0,,30.0,8.0,8.0,8.0,False
281,GP,M,17.0,urban,<=3,3.0,2.0,teacher,services,1.0,1.0,1.0,no,no,no,no,yes,yes,yes,no,4.0,4.0,4.0,3.0,4.0,3.0,19.0,11.0,9.0,10.0,False
282,GP,F,,rural,<=3,1.0,1.0,,other,2.0,4.0,0.0,no,yes,yes,yes,,yes,no,no,5.0,2.0,2.0,1.0,1.0,3.0,1.0,12.0,,12.0,True
283,GP,F,,urban,>3,1.0,1.0,other,other,2.0,2.0,0.0,yes,no,no,yes,,yes,yes,no,5.0,4.0,4.0,1.0,1.0,4.0,4.0,8.0,9.0,10.0,True
284,GP,F,17.0,urban,>3,2.0,2.0,other,other,1.0,2.0,0.0,no,yes,no,no,no,yes,yes,no,5.0,4.0,5.0,1.0,2.0,,4.0,10.0,9.0,11.0,True
285,GP,M,17.0,urban,>3,1.0,1.0,other,other,1.0,2.0,0.0,no,no,yes,no,-,yes,yes,no,4.0,3.0,3.0,1.0,2.0,4.0,2.0,12.0,10.0,11.0,True
286,GP,F,18.0,urban,>3,2.0,2.0,at_home,at_home,1.0,3.0,0.0,no,yes,yes,no,yes,yes,yes,no,4.0,3.0,3.0,,2.0,2.0,5.0,18.0,18.0,19.0,True
287,GP,F,17.0,urban,>3,1.0,1.0,services,teacher,1.0,3.0,0.0,no,yes,yes,no,yes,yes,yes,no,,3.0,3.0,1.0,1.0,,6.0,,12.0,,True
288,GP,M,18.0,urban,>3,2.0,1.0,services,services,1.0,3.0,0.0,no,no,yes,yes,yes,yes,yes,no,4.0,2.0,4.0,1.0,3.0,2.0,6.0,15.0,14.0,14.0,True
289,GP,M,18.0,urban,<=3,4.0,4.0,teacher,teacher,1.0,2.0,0.0,no,yes,yes,,yes,yes,yes,no,5.0,4.0,3.0,1.0,1.0,2.0,9.0,15.0,13.0,15.0,False
290,GP,M,18.0,urban,>3,4.0,2.0,teacher,other,1.0,2.0,0.0,no,,,yes,yes,yes,yes,yes,,3.0,2.0,1.0,4.0,5.0,11.0,12.0,11.0,11.0,True
291,GP,F,17.0,urban,>3,4.0,3.0,health,services,1.0,3.0,0.0,no,yes,yes,no,yes,yes,yes,no,4.0,2.0,2.0,1.0,2.0,3.0,0.0,15.0,15.0,15.0,True
292,GP,,18.0,urban,<=3,2.0,1.0,services,at_home,1.0,2.0,1.0,no,no,no,no,yes,yes,yes,yes,5.0,,3.0,1.0,1.0,5.0,12.0,12.0,12.0,13.0,True
293,,F,17.0,rural,<=3,3.0,1.0,services,other,2.0,4.0,0.0,no,yes,yes,no,yes,yes,no,no,3.0,1.0,2.0,1.0,1.0,3.0,6.0,18.0,,18.0,True
294,GP,M,18.0,rural,<=3,3.0,2.0,services,other,2.0,3.0,0.0,no,yes,yes,yes,yes,yes,yes,no,5.0,4.0,2.0,1.0,,4.0,8.0,14.0,13.0,14.0,True
295,GP,M,17.0,urban,>3,3.0,3.0,health,other,1.0,1.0,0.0,no,yes,yes,no,yes,yes,yes,no,4.0,4.0,3.0,1.0,3.0,5.0,4.0,14.0,12.0,11.0,True
296,GP,F,19.0,urban,>3,4.0,4.0,health,other,2.0,2.0,0.0,no,yes,yes,yes,yes,yes,yes,no,2.0,3.0,4.0,2.0,3.0,2.0,0.0,10.0,9.0,0.0,True
297,GP,F,18.0,urban,<=3,4.0,3.0,other,other,2.0,2.0,0.0,no,yes,yes,no,yes,yes,yes,yes,4.0,4.0,5.0,1.0,2.0,2.0,10.0,10.0,8.0,8.0,True
298,GP,F,18.0,urban,>3,4.0,3.0,other,other,1.0,4.0,0.0,no,yes,yes,no,yes,yes,yes,no,4.0,3.0,3.0,1.0,1.0,3.0,0.0,,13.0,14.0,True
299,GP,M,18.0,urban,<=3,4.0,4.0,teacher,teacher,1.0,1.0,0.0,no,yes,yes,no,yes,yes,yes,yes,1.0,4.0,2.0,2.0,2.0,1.0,5.0,,15.0,16.0,True
300,GP,F,18.0,urban,<=3,4.0,4.0,health,other,1.0,2.0,0.0,no,yes,no,no,yes,yes,yes,yes,4.0,2.0,4.0,1.0,1.0,4.0,14.0,12.0,10.0,11.0,False
301,GP,M,17.0,urban,<=3,4.0,4.0,other,teacher,2.0,1.0,0.0,no,no,yes,no,yes,yes,yes,no,4.0,1.0,1.0,2.0,2.0,5.0,0.0,11.0,11.0,10.0,True
302,GP,F,17.0,urban,>3,4.0,2.0,other,other,2.0,3.0,0.0,no,yes,yes,no,yes,yes,yes,no,,3.0,3.0,1.0,1.0,3.0,0.0,15.0,12.0,14.0,True
303,GP,F,,urban,>3,3.0,2.0,health,health,1.0,4.0,0.0,no,yes,yes,yes,no,yes,yes,no,5.0,2.0,,1.0,2.0,5.0,0.0,17.0,17.0,18.0,True
304,GP,M,19.0,urban,>3,3.0,3.0,other,other,1.0,2.0,1.0,no,yes,no,yes,yes,yes,yes,yes,4.0,4.0,4.0,1.0,1.0,3.0,20.0,15.0,14.0,13.0,True
305,GP,F,18.0,urban,>3,2.0,4.0,services,at_home,1.0,2.0,1.0,no,yes,yes,yes,yes,yes,yes,no,4.0,4.0,3.0,1.0,1.0,,8.0,14.0,12.0,12.0,True
306,GP,M,20.0,,>3,3.0,2.0,services,other,,1.0,0.0,no,,no,yes,yes,yes,,no,5.0,5.0,3.0,,1.0,5.0,0.0,17.0,18.0,18.0,False
307,GP,M,19.0,urban,>3,4.0,4.0,teacher,services,2.0,1.0,1.0,no,yes,yes,no,yes,yes,yes,yes,4.0,3.0,4.0,1.0,,4.0,38.0,8.0,9.0,8.0,True
308,GP,M,19.0,rural,>3,3.0,3.0,other,services,1.0,2.0,1.0,no,no,no,yes,yes,yes,no,yes,4.0,5.0,3.0,1.0,2.0,5.0,0.0,15.0,12.0,12.0,True
309,GP,F,19.0,urban,<=3,1.0,1.0,at_home,other,1.0,2.0,1.0,yes,yes,no,yes,no,yes,yes,no,4.0,4.0,3.0,1.0,3.0,3.0,,12.0,10.0,10.0,True
310,GP,F,19.0,urban,<=3,1.0,2.0,services,services,1.0,2.0,1.0,no,no,no,yes,,yes,no,yes,4.0,2.0,,2.0,,3.0,0.0,9.0,9.0,0.0,True
311,GP,F,19.0,urban,>3,2.0,1.0,at_home,other,3.0,2.0,0.0,no,yes,no,no,yes,no,yes,yes,3.0,4.0,,1.0,1.0,2.0,20.0,14.0,12.0,13.0,True
312,GP,,19.0,urban,>3,,2.0,other,services,1.0,,1.0,no,no,,no,no,yes,yes,no,4.0,5.0,2.0,2.0,2.0,4.0,,13.0,11.0,11.0,True
313,,F,19.0,urban,<=3,3.0,2.0,services,other,2.0,2.0,1.0,no,yes,yes,no,no,,yes,yes,4.0,2.0,2.0,1.0,2.0,1.0,22.0,13.0,10.0,11.0,True
314,GP,F,19.0,urban,>3,1.0,1.0,at_home,health,1.0,3.0,2.0,no,no,no,no,,yes,yes,yes,4.0,1.0,2.0,1.0,1.0,3.0,,15.0,13.0,13.0,True
315,GP,F,19.0,rural,>3,2.0,3.0,other,other,1.0,,,no,no,no,no,yes,,yes,yes,4.0,1.0,2.0,1.0,1.0,3.0,40.0,13.0,11.0,,True
316,GP,F,18.0,urban,>3,2.0,1.0,services,other,2.0,2.0,0.0,no,yes,yes,,yes,yes,yes,no,5.0,3.0,3.0,1.0,2.0,1.0,0.0,8.0,8.0,0.0,True
317,GP,F,18.0,urban,>3,4.0,3.0,other,other,1.0,3.0,0.0,no,yes,yes,yes,yes,yes,yes,yes,4.0,3.0,4.0,1.0,1.0,5.0,9.0,9.0,10.0,9.0,True
318,GP,F,17.0,rural,>3,3.0,4.0,,services,1.0,3.0,0.0,no,,yes,yes,no,yes,yes,no,4.0,3.0,4.0,2.0,5.0,5.0,0.0,11.0,11.0,10.0,True
319,GP,F,18.0,urban,>3,4.0,4.0,teacher,other,1.0,2.0,0.0,no,,yes,no,yes,yes,yes,no,4.0,4.0,4.0,3.0,3.0,5.0,2.0,11.0,11.0,11.0,True
320,GP,F,17.0,urban,>3,4.0,3.0,services,services,,2.0,0.0,no,yes,yes,no,yes,yes,yes,yes,5.0,2.0,2.0,1.0,2.0,5.0,23.0,13.0,13.0,13.0,False
321,GP,F,17.0,urban,>3,2.0,,other,other,1.0,2.0,0.0,no,yes,no,no,,yes,no,yes,4.0,2.0,2.0,1.0,1.0,3.0,12.0,11.0,9.0,9.0,True
322,GP,F,17.0,rural,<=3,2.0,2.0,services,services,1.0,3.0,0.0,no,yes,yes,yes,yes,yes,yes,no,3.0,3.0,2.0,2.0,2.0,3.0,3.0,11.0,11.0,11.0,True
323,GP,F,17.0,urban,>3,3.0,1.0,services,services,1.0,3.0,0.0,no,yes,no,no,no,yes,yes,no,3.0,4.0,3.0,2.0,3.0,5.0,,12.0,14.0,15.0,True
324,GP,F,,urban,<=3,0.0,2.0,at_home,at_home,2.0,3.0,0.0,no,no,no,no,yes,yes,yes,no,,3.0,3.0,2.0,3.0,2.0,0.0,16.0,15.0,15.0,True
325,GP,M,18.0,urban,>3,4.0,4.0,other,other,1.0,3.0,0.0,no,no,no,yes,yes,yes,yes,no,4.0,3.0,3.0,2.0,2.0,3.0,3.0,9.0,12.0,11.0,True
326,GP,M,17.0,urban,>3,3.0,,other,services,1.0,1.0,,no,no,no,yes,,yes,yes,no,4.0,3.0,5.0,3.0,5.0,5.0,3.0,14.0,15.0,16.0,True
327,GP,M,17.0,rural,>3,2.0,2.0,,other,4.0,1.0,,no,yes,no,no,,yes,yes,no,4.0,4.0,5.0,5.0,5.0,4.0,8.0,11.0,10.0,10.0,True
328,GP,F,17.0,,>3,4.0,4.0,teacher,services,1.0,3.0,,no,yes,yes,yes,yes,yes,yes,no,5.0,4.0,4.0,1.0,3.0,4.0,7.0,10.0,9.0,9.0,True
329,GP,F,17.0,urban,>3,4.0,4.0,teacher,teacher,2.0,3.0,0.0,no,yes,yes,no,no,yes,yes,yes,4.0,3.0,,1.0,2.0,4.0,4.0,14.0,14.0,14.0,True
330,GP,M,18.0,urban,<=3,2.0,2.0,,other,1.0,4.0,0.0,no,yes,,yes,yes,yes,yes,no,4.0,5.0,5.0,2.0,,,2.0,9.0,8.0,8.0,True
331,GP,F,17.0,rural,>3,2.0,4.0,at_home,other,1.0,3.0,0.0,no,yes,no,no,yes,yes,yes,yes,4.0,4.0,3.0,1.0,1.0,5.0,7.0,12.0,14.0,14.0,True
332,GP,F,18.0,urban,>3,3.0,3.0,services,services,1.0,2.0,0.0,no,no,no,yes,yes,yes,yes,no,5.0,3.0,4.0,1.0,1.0,4.0,0.0,7.0,0.0,0.0,
333,GP,F,18.0,urban,<=3,2.0,2.0,other,other,1.0,2.0,0.0,no,no,no,yes,no,yes,yes,yes,4.0,3.0,3.0,1.0,,2.0,0.0,8.0,8.0,0.0,True
334,GP,F,18.0,rural,>3,2.0,2.0,at_home,other,2.0,4.0,0.0,no,no,no,yes,yes,yes,no,no,4.0,4.0,4.0,1.0,1.0,4.0,0.0,10.0,9.0,0.0,True
335,GP,F,17.0,urban,>3,3.0,4.0,services,other,1.0,3.0,0.0,-,no,no,no,yes,,yes,no,4.0,4.0,5.0,1.0,,5.0,16.0,16.0,15.0,15.0,True
336,GP,F,19.0,rural,>3,3.0,1.0,services,at_home,1.0,3.0,1.0,no,no,yes,no,yes,yes,no,no,5.0,4.0,3.0,1.0,2.0,5.0,12.0,14.0,13.0,13.0,False
337,GP,F,17.0,urban,>3,3.0,2.0,other,other,1.0,2.0,0.0,no,yes,yes,no,yes,yes,yes,,4.0,3.0,2.0,2.0,3.0,,0.0,7.0,8.0,0.0,True
338,GP,F,18.0,urban,<=3,3.0,3.0,services,services,1.0,4.0,0.0,no,yes,no,no,yes,yes,yes,no,5.0,3.0,3.0,,1.0,1.0,7.0,16.0,15.0,17.0,True
339,,F,17.0,rural,>3,3.0,2.0,other,other,1.0,2.0,0.0,no,yes,yes,no,yes,yes,yes,no,4.0,3.0,3.0,2.0,3.0,2.0,4.0,9.0,10.0,10.0,False
340,GP,F,19.0,urban,>3,2.0,1.0,services,services,1.0,3.0,1.0,no,no,yes,yes,yes,yes,yes,yes,4.0,3.0,4.0,1.0,3.0,3.0,4.0,11.0,12.0,11.0,
341,GP,M,18.0,urban,>3,4.0,4.0,teacher,services,1.0,2.0,1.0,no,yes,no,yes,yes,yes,-,no,4.0,3.0,3.0,2.0,2.0,2.0,0.0,10.0,,0.0,True
342,GP,M,18.0,urban,<=3,3.0,4.0,services,other,1.0,2.0,0.0,no,no,no,yes,yes,yes,yes,yes,4.0,3.0,3.0,1.0,3.0,,11.0,16.0,15.0,15.0,True
343,GP,F,17.0,urban,>3,2.0,2.0,at_home,at_home,1.0,2.0,,no,yes,no,,yes,yes,yes,yes,3.0,3.0,1.0,1.0,2.0,4.0,0.0,9.0,8.0,0.0,False
344,GP,F,18.0,urban,>3,2.0,3.0,at_home,other,1.0,,,no,yes,no,no,yes,yes,yes,no,4.0,3.0,3.0,1.0,2.0,3.0,4.0,11.0,10.0,10.0,True
345,GP,F,18.0,urban,>3,3.0,2.0,other,services,1.0,3.0,0.0,no,no,no,no,yes,yes,yes,yes,5.0,4.0,3.0,2.0,3.0,1.0,7.0,13.0,13.0,14.0,True
346,GP,-,18.0,rural,>3,4.0,3.0,teacher,services,1.0,3.0,0.0,no,no,no,no,yes,yes,yes,yes,,3.0,2.0,1.0,2.0,4.0,9.0,16.0,15.0,16.0,True
347,GP,M,18.0,urban,>3,4.0,3.0,teacher,other,1.0,3.0,0.0,no,yes,yes,no,yes,yes,yes,yes,5.0,4.0,5.0,2.0,3.0,5.0,0.0,10.0,10.0,9.0,True
348,GP,F,17.0,urban,>3,4.0,3.0,health,other,1.0,3.0,0.0,no,yes,yes,yes,yes,yes,yes,yes,4.0,4.0,,1.0,3.0,4.0,0.0,13.0,15.0,15.0,True
349,MS,M,18.0,rural,>3,3.0,2.0,,,2.0,1.0,1.0,no,yes,Missing,no,no,yes,yes,no,2.0,5.0,5.0,5.0,5.0,5.0,10.0,11.0,13.0,13.0,True
350,MS,M,19.0,rural,>3,1.0,1.0,,services,3.0,,3.0,no,no,no,no,yes,yes,yes,no,5.0,4.0,4.0,3.0,3.0,2.0,8.0,8.0,7.0,8.0,True
351,MS,M,17.0,urban,>3,3.0,3.0,health,other,2.0,2.0,0.0,no,yes,yes,no,yes,yes,yes,no,4.0,,4.0,2.0,3.0,3.0,2.0,13.0,13.0,13.0,True
352,MS,M,18.0,urban,<=3,1.0,3.0,at_home,services,1.0,1.0,1.0,no,no,no,no,yes,no,yes,yes,4.0,3.0,3.0,2.0,3.0,3.0,7.0,8.0,7.0,8.0,True
353,MS,M,19.0,rural,>3,1.0,1.0,other,other,3.0,1.0,1.0,,yes,no,,yes,yes,yes,no,4.0,4.0,4.0,3.0,3.0,5.0,,8.0,8.0,8.0,True
354,MS,M,17.0,rural,>3,4.0,3.0,services,other,2.0,2.0,0.0,no,yes,yes,yes,no,yes,yes,yes,4.0,5.0,5.0,1.0,3.0,2.0,4.0,13.0,11.0,11.0,True
355,MS,F,18.0,urban,>3,3.0,3.0,services,services,1.0,2.0,0.0,no,yes,no,,yes,yes,no,yes,5.0,3.0,4.0,1.0,1.0,5.0,0.0,10.0,9.0,9.0,True
356,MS,Missing,17.0,rural,>3,4.0,4.0,teacher,services,2.0,2.0,0.0,no,yes,yes,yes,yes,yes,yes,no,4.0,,3.0,1.0,2.0,5.0,4.0,12.0,13.0,13.0,True
357,MS,F,,urban,<=3,3.0,2.0,services,other,2.0,2.0,0.0,no,no,no,no,yes,yes,no,yes,1.0,2.0,3.0,1.0,2.0,5.0,2.0,12.0,12.0,11.0,False
358,MS,M,18.0,urban,<=3,1.0,1.0,other,services,2.0,,0.0,no,no,no,no,no,yes,yes,yes,3.0,3.0,2.0,1.0,,3.0,4.0,10.0,10.0,10.0,True
359,MS,F,18.0,urban,<=3,1.0,1.0,at_home,services,2.0,3.0,0.0,no,no,no,no,yes,yes,yes,no,5.0,3.0,2.0,,1.0,4.0,0.0,18.0,16.0,,True
360,MS,F,18.0,rural,<=3,1.0,4.0,at_home,other,3.0,2.0,0.0,no,no,no,no,yes,yes,no,yes,4.0,3.0,4.0,1.0,4.0,5.0,0.0,,13.0,13.0,False
361,MS,M,,rural,<=3,1.0,1.0,-,other,2.0,2.0,1.0,no,no,no,yes,no,no,Missing,no,4.0,4.0,3.0,2.0,3.0,,2.0,13.0,12.0,,True
362,MS,F,18.0,urban,>3,3.0,3.0,services,services,2.0,2.0,0.0,no,yes,no,no,yes,yes,yes,yes,4.0,3.0,2.0,1.0,3.0,3.0,0.0,11.0,11.0,10.0,True
363,MS,F,17.0,urban,<=3,4.0,4.0,at_home,at_home,1.0,2.0,0.0,no,yes,yes,yes,yes,yes,yes,yes,2.0,3.0,,1.0,1.0,1.0,0.0,16.0,15.0,15.0,True
364,MS,,17.0,rural,>3,1.0,2.0,other,services,2.0,2.0,0.0,no,no,no,no,no,yes,no,no,3.0,,2.0,1.0,2.0,3.0,0.0,12.0,11.0,12.0,True
365,MS,M,18.0,rural,>3,1.0,3.0,at_home,other,2.0,2.0,0.0,no,yes,yes,no,yes,yes,no,no,,3.0,4.0,2.0,4.0,3.0,4.0,10.0,10.0,10.0,True
366,MS,M,18.0,urban,<=3,4.0,4.0,teacher,services,2.0,3.0,0.0,no,no,yes,no,yes,yes,yes,yes,4.0,2.0,2.0,2.0,2.0,5.0,0.0,13.0,13.0,13.0,True
367,MS,F,17.0,rural,>3,1.0,1.0,other,services,3.0,1.0,1.0,no,,yes,no,yes,yes,yes,yes,5.0,2.0,1.0,1.0,,1.0,0.0,7.0,6.0,0.0,True
368,MS,F,18.0,urban,>3,,3.0,at_home,services,2.0,1.0,0.0,no,yes,yes,,yes,yes,yes,yes,5.0,2.0,3.0,1.0,2.0,4.0,0.0,11.0,10.0,10.0,True
369,MS,F,18.0,rural,>3,4.0,4.0,other,teacher,3.0,2.0,0.0,no,yes,yes,no,no,yes,yes,yes,3.0,2.0,2.0,4.0,2.0,5.0,10.0,14.0,12.0,11.0,True
370,MS,F,19.0,urban,<=3,3.0,2.0,services,services,2.0,2.0,2.0,no,no,no,yes,yes,yes,no,yes,3.0,,2.0,1.0,1.0,3.0,4.0,7.0,,9.0,True
371,MS,M,18.0,rural,<=3,1.0,2.0,at_home,services,,1.0,0.0,no,yes,yes,yes,yes,no,Missing,yes,4.0,3.0,3.0,2.0,,3.0,3.0,14.0,12.0,12.0,True
372,MS,F,17.0,urban,>3,2.0,2.0,other,at_home,1.0,3.0,0.0,no,no,no,yes,yes,yes,no,yes,3.0,4.0,3.0,1.0,1.0,,8.0,13.0,11.0,11.0,True
373,MS,F,17.0,rural,>3,1.0,2.0,other,other,1.0,1.0,0.0,no,no,no,yes,yes,yes,yes,,3.0,5.0,5.0,1.0,3.0,1.0,14.0,6.0,5.0,5.0,True
374,MS,F,18.0,rural,<=3,4.0,4.0,other,other,2.0,3.0,0.0,no,no,no,no,yes,yes,yes,no,5.0,4.0,4.0,1.0,1.0,1.0,0.0,19.0,18.0,19.0,True
375,MS,F,18.0,rural,>3,1.0,1.0,other,other,4.0,3.0,0.0,no,no,no,no,yes,yes,yes,no,4.0,3.0,2.0,1.0,2.0,4.0,2.0,8.0,8.0,10.0,True
376,MS,F,20.0,urban,>3,4.0,2.0,health,other,2.0,3.0,2.0,no,yes,yes,no,no,yes,yes,yes,5.0,4.0,3.0,1.0,1.0,3.0,4.0,15.0,14.0,15.0,True
377,MS,F,18.0,rural,<=3,4.0,4.0,,services,1.0,2.0,0.0,no,no,yes,yes,yes,yes,yes,no,5.0,4.0,3.0,3.0,4.0,2.0,4.0,8.0,9.0,10.0,True
378,MS,F,18.0,urban,>3,3.0,3.0,other,other,1.0,2.0,0.0,no,no,yes,no,yes,yes,yes,yes,4.0,1.0,3.0,1.0,2.0,1.0,0.0,15.0,15.0,15.0,True
379,MS,F,17.0,rural,>3,3.0,1.0,at_home,other,1.0,2.0,0.0,no,yes,yes,yes,no,yes,yes,no,4.0,5.0,4.0,2.0,3.0,1.0,17.0,10.0,,10.0,True
380,MS,M,18.0,urban,>3,4.0,4.0,teacher,teacher,1.0,2.0,0.0,no,,yes,yes,no,yes,yes,no,,2.0,4.0,1.0,,2.0,4.0,15.0,14.0,14.0,True
381,MS,Missing,18.0,rural,>3,2.0,1.0,other,other,2.0,1.0,0.0,no,no,no,yes,no,yes,yes,yes,4.0,4.0,3.0,1.0,3.0,,5.0,7.0,6.0,7.0,True
382,MS,M,17.0,urban,>3,2.0,3.0,other,services,2.0,2.0,0.0,no,no,no,yes,yes,yes,yes,no,4.0,4.0,3.0,1.0,1.0,3.0,2.0,11.0,11.0,10.0,True
383,MS,M,19.0,rural,>3,1.0,1.0,other,services,2.0,1.0,1.0,no,no,no,no,yes,yes,no,no,4.0,3.0,2.0,1.0,3.0,5.0,0.0,6.0,5.0,0.0,True
384,MS,M,18.0,rural,>3,,2.0,other,other,2.0,1.0,1.0,no,no,yes,no,yes,yes,no,no,5.0,4.0,3.0,4.0,3.0,3.0,14.0,6.0,5.0,5.0,True
385,MS,F,18.0,rural,>3,2.0,2.0,at_home,other,2.0,3.0,0.0,no,no,yes,no,yes,yes,no,no,5.0,3.0,3.0,1.0,3.0,4.0,2.0,10.0,9.0,10.0,True
386,MS,F,18.0,rural,>3,,4.0,teacher,at_home,3.0,1.0,0.0,Missing,yes,yes,yes,,yes,yes,yes,4.0,4.0,3.0,2.0,,5.0,7.0,6.0,5.0,6.0,True
387,MS,F,19.0,rural,>3,2.0,3.0,services,other,1.0,3.0,1.0,no,,no,yes,no,yes,yes,no,5.0,4.0,2.0,1.0,2.0,5.0,0.0,7.0,5.0,0.0,True
388,MS,F,18.0,urban,<=3,3.0,1.0,teacher,services,1.0,2.0,0.0,no,yes,yes,no,yes,yes,yes,no,4.0,3.0,4.0,1.0,1.0,1.0,0.0,7.0,9.0,8.0,True
389,MS,F,18.0,urban,>3,1.0,1.0,other,other,2.0,2.0,1.0,,no,no,yes,yes,yes,no,no,1.0,1.0,1.0,1.0,1.0,5.0,0.0,6.0,5.0,0.0,
390,MS,M,20.0,urban,<=3,2.0,2.0,services,services,1.0,2.0,2.0,no,yes,yes,no,yes,yes,no,no,5.0,5.0,4.0,4.0,5.0,4.0,11.0,9.0,9.0,9.0,False
391,MS,M,17.0,urban,<=3,3.0,1.0,services,services,,1.0,0.0,no,no,no,no,no,yes,yes,no,2.0,4.0,5.0,3.0,4.0,2.0,3.0,14.0,16.0,16.0,True
392,MS,M,21.0,rural,>3,1.0,1.0,other,other,1.0,1.0,,no,no,no,no,no,yes,no,no,5.0,,3.0,3.0,3.0,3.0,3.0,10.0,8.0,7.0,True
393,MS,M,18.0,rural,,3.0,2.0,services,other,3.0,1.0,,no,no,no,no,no,yes,yes,no,4.0,4.0,1.0,3.0,4.0,5.0,0.0,11.0,12.0,10.0,True
394,MS,M,19.0,urban,<=3,1.0,1.0,other,at_home,1.0,1.0,0.0,no,no,no,no,yes,yes,yes,no,3.0,2.0,3.0,3.0,3.0,5.0,5.0,8.0,9.0,9.0,True
